{
  "$schema": "./node_modules/@angular/cli/lib/config/schema.json",
  "project": {
    "version": "1.0.0-beta.22-1",
    "name": "machinelabs-client"
  },
  "apps": [
    {
      "root": "src",
      "outDir": "dist",
      "assets": [
        "terms-of-service.html",
        "assets",
        "favicon.ico",
        {
          "glob": "**/*",
          "input": "../node_modules/monaco-editor/min/vs",
          "output": "libs/vs"
        }
      ],
      "index": "index.html",
      "main": "main.ts",
      "polyfills": "polyfills.ts",
      "test": "test.ts",
      "tsconfig": "tsconfig.app.json",
      "testTsconfig": "tsconfig.spec.json",
      "prefix": "ml",
      "styles": ["styles.scss", "../node_modules/xterm/dist/xterm.css"],
      "scripts": [
        "../node_modules/xterm/dist/xterm.js",
        "../node_modules/xterm/dist/addons/fit/fit.js",
        "../node_modules/autotrack/autotrack.js"
      ],
      "environmentSource": "environments/environment.ts",
      "environments": {
        "dev": "environments/environment.ts",
        "personal": "environments/environment.personal.ts",
        "offline": "environments/environment.offline.ts",
        "staging": "environments/environment.staging.ts",
        "production": "environments/environment.production.ts",
        "test": "environments/environment.test.ts",
        "e2e": "environments/environment.e2e.ts"
      }
    }
  ],
  "e2e": {
    "protractor": {
      "config": "./protractor.conf.js"
    }
  },
  "lint": [
    {
      "project": "src/tsconfig.app.json",
      "exclude": "**/node_modules/**"
    },
    {
      "project": "src/tsconfig.spec.json",
      "exclude": "**/node_modules/**"
    },
    {
      "project": "e2e/tsconfig.e2e.json",
      "exclude": "**/node_modules/**"
    }
  ],
  "test": {
    "karma": {
      "config": "./karma.conf.js"
    }
  },
  "defaults": {
    "styleExt": "css",
    "component": {}
  }
}
